<?xml version="1.0" encoding="UTF-8"?>
<project-private xmlns="http://www.netbeans.org/ns/project-private/1">
    <editor-bookmarks xmlns="http://www.netbeans.org/ns/editor-bookmarks/2" lastBookmarkId="0"/>
    <open-files xmlns="http://www.netbeans.org/ns/projectui-open-files/2">
        <group>
            <file>file:/D:/Development/CePES/head/__projects/ArgoParser/src/argoparser/ArgoParser.java</file>
            <file>file:/D:/Development/CePES/head/__projects/ArgoParser/file/Compiler/oatsy.y</file>
        </group>
    </open-files>
</project-private>
