<?xml version="1.0" encoding="utf-8" standalone="yes"?>
<XMI xmi.version="1.1" xmlns:JUDE="http://objectclub.esm.co.jp/Jude/namespace/" xmlns:UML="org.omg.xmi.namespace.UML">
  <XMI.header>
    <XMI.documentation>
      <XMI.exporter>Jomt XMI writer</XMI.exporter>
      <XMI.exporterVersion>1.2.0.36</XMI.exporterVersion>
      <XMI.currentModelVersion>36</XMI.currentModelVersion>
      <XMI.maxModelVersion>36</XMI.maxModelVersion>
      <XMI.currentModelProducer>A.P</XMI.currentModelProducer>
      <XMI.sortedVersionHistories>
        <XMI.versionEntry productVersion="Professional 6.6.3" modelVersion="36" />
      </XMI.sortedVersionHistories>
    </XMI.documentation>
    <XMI.metamodel xmi.name="UML" xmi.version="1.4" />
  </XMI.header>
  <XMI.content>
    <UML:Model xmi.id="f19dc555-0c29-4540-92a0-817a9b34c608" name="" version="0" unSolvedFlag="false" isRoot="true" isLeaf="false" isAbstract="false" xmlns:UML="org.omg.xmi.namespace.UML">
      <UML:ModelElement.behavior>
        <UML:ActivityGraph xmi.idref="10-32--121-72-634bb896:14b118b9d4a:-8000:0000000000000866" />
      </UML:ModelElement.behavior>
      <UML:Namespace.ownedElement>
        <UML:ActivityGraph xmi.id="10-32--121-72-634bb896:14b118b9d4a:-8000:0000000000000866" name="" version="0" unSolvedFlag="false">
          <UML:StateMachine.top>
            <UML:CompositeState xmi.id="dfb42bc7-bc15-439e-a333-eb42adb47a8c" name="" version="0" unSolvedFlag="false" isConcurrent="true" isOrthogonal="false" isRegion="true">
              <UML:CompositeState.subvertex>
                <UML:Pseudostate xmi.id="idInitial" name="initialState" version="0" unSolvedFlag="false" kind="initial">
                  <UML:StateVertex.container>
                    <UML:CompositeState xmi.idref="dfb42bc7-bc15-439e-a333-eb42adb47a8c" />
                  </UML:StateVertex.container>
                  <UML:StateVertex.outgoing>
                    <UML:Transition xmi.idref="10-32--121-72-634bb896:14b118b9d4a:-8000:000000000000086B" />
                  </UML:StateVertex.outgoing>
                </UML:Pseudostate>
                <UML:ActionState xmi.id="idAction" name="Cadastrar Usuário" version="0" unSolvedFlag="false" isDynamic="false">
                  <UML:StateVertex.container>
                    <UML:CompositeState xmi.idref="dfb42bc7-bc15-439e-a333-eb42adb47a8c" />
                  </UML:StateVertex.container>
                  <UML:StateVertex.outgoing>
                    <UML:Transition xmi.idref="10-32--121-72-634bb896:14b118b9d4a:-8000:000000000000086C" />
                  </UML:StateVertex.outgoing>
                  <UML:StateVertex.incoming>
                    <UML:Transition xmi.idref="10-32--121-72-634bb896:14b118b9d4a:-8000:000000000000086B" />
                  </UML:StateVertex.incoming>
                  <UML:State.entry>
                    <UML:Action xmi.id="51eee791-d934-4ca2-ba44-9ce2d340f7ce" name="Cadastrar Usuário" version="0" unSolvedFlag="false" isAsynchronous="false" actionType="5" />
                  </UML:State.entry>
                </UML:ActionState>
                <UML:FinalState xmi.id="idFinal" name="finalState" version="0" unSolvedFlag="false" isDynamic="false">
                  <UML:StateVertex.container>
                    <UML:CompositeState xmi.idref="dfb42bc7-bc15-439e-a333-eb42adb47a8c" />
                  </UML:StateVertex.container>
                  <UML:StateVertex.incoming>
                    <UML:Transition xmi.idref="10-32--121-72-634bb896:14b118b9d4a:-8000:000000000000086C" />
                  </UML:StateVertex.incoming>
                  <UML:State.entry>
                    <UML:Action xmi.id="1b298aec-b2c7-4626-96ab-4fb1485188a8" name="finalState" version="0" unSolvedFlag="false" isAsynchronous="false" actionType="5" />
                  </UML:State.entry>
                </UML:FinalState>
              </UML:CompositeState.subvertex>
            </UML:CompositeState>
          </UML:StateMachine.top>
          <UML:StateMachine.context>
            <UML:ModelElement xmi.idref="f19dc555-0c29-4540-92a0-817a9b34c608" />
          </UML:StateMachine.context>
          <UML:StateMachine.transitions>
            <UML:Transition xmi.id="10-32--121-72-634bb896:14b118b9d4a:-8000:000000000000086B" name="" version="0" unSolvedFlag="false">
              <UML:ModelElement.taggedValue>
                <UML:TaggedValue xmi.id="07d1c202-ff0d-49b2-8462-8d68423bb8d0" version="0" tag="TDexpectedResult" value="Entrou no site">
                  <UML:TaggedValue.modelElement>
                    <UML:ModelElement xmi.idref="10-32--121-72-634bb896:14b118b9d4a:-8000:000000000000086B" />
                  </UML:TaggedValue.modelElement>
                </UML:TaggedValue>
              </UML:ModelElement.taggedValue>
              <UML:ModelElement.taggedValue>
                <UML:TaggedValue xmi.id="9b33e386-43f5-4bd7-9b08-94ee656d7a50" version="0" tag="TDaction" value="Entrar no site">
                  <UML:TaggedValue.modelElement>
                    <UML:ModelElement xmi.idref="10-32--121-72-634bb896:14b118b9d4a:-8000:000000000000086B" />
                  </UML:TaggedValue.modelElement>
                </UML:TaggedValue>
              </UML:ModelElement.taggedValue>
              <UML:Transition.source>
                <UML:StateVertex xmi.idref="idInitial" />
              </UML:Transition.source>
              <UML:Transition.target>
                <UML:StateVertex xmi.idref="idAction" />
              </UML:Transition.target>
              <UML:Transition.stateMachine>
                <UML:StateMachine xmi.idref="10-32--121-72-634bb896:14b118b9d4a:-8000:0000000000000866" />
              </UML:Transition.stateMachine>
            </UML:Transition>
            <UML:Transition xmi.id="10-32--121-72-634bb896:14b118b9d4a:-8000:000000000000086C" name="" version="0" unSolvedFlag="false">
              <UML:Transition.source>
                <UML:StateVertex xmi.idref="idAction" />
              </UML:Transition.source>
              <UML:Transition.target>
                <UML:StateVertex xmi.idref="idFinal" />
              </UML:Transition.target>
              <UML:Transition.stateMachine>
                <UML:StateMachine xmi.idref="10-32--121-72-634bb896:14b118b9d4a:-8000:0000000000000866" />
              </UML:Transition.stateMachine>
            </UML:Transition>
          </UML:StateMachine.transitions>
        </UML:ActivityGraph>
      </UML:Namespace.ownedElement>
    </UML:Model>
    <XMI.extension>
      <JUDE:ActivityDiagram xmi.id="10-32--121-72-634bb896:14b118b9d4a:-8000:0000000000000866jude" name="" typeInfo="Activity Diagram" version="0" verticalMaxLevel="-1" horizontalMaxLevel="-1" xmlns:JUDE="http://objectclub.esm.co.jp/Jude/namespace/">
        <JUDE:StateChartDiagram.semanticModel>
          <UML:ActivityGraph xmi.idref="10-32--121-72-634bb896:14b118b9d4a:-8000:0000000000000866" />
        </JUDE:StateChartDiagram.semanticModel>
        <JUDE:Diagram.presentations>
          <JUDE:FramePresentation xmi.id="73cabec2-3685-48ed-9863-0c7310631af4" version="0" depth="2147483646" stereotypeVisibility="true" constraintVisibility="true" notationType="0" width="5000.0" height="5000.0" doAutoResize="true" visibility="true" label="">
            <JUDE:UPresentation.diagram>
              <JUDE:Diagram xmi.idref="10-32--121-72-634bb896:14b118b9d4a:-8000:0000000000000866jude" />
            </JUDE:UPresentation.diagram>
            <JUDE:JomtPresentation.location>
              <XMI.field>0</XMI.field>
              <XMI.field>0</XMI.field>
            </JUDE:JomtPresentation.location>
          </JUDE:FramePresentation>
          <JUDE:InitialStatePresentation xmi.id="idInitialjude" version="0" depth="2147483636" stereotypeVisibility="true" constraintVisibility="true" notationType="0" visibility="true" width="20.0" height="20.0" doAutoResize="false" label="initialState" allActionVisibility="true" signalReverse="false">
            <JUDE:UPresentation.semanticModel>
              <UML:Pseudostate xmi.idref="idInitial" />
            </JUDE:UPresentation.semanticModel>
            <JUDE:UPresentation.diagram>
              <JUDE:Diagram xmi.idref="10-32--121-72-634bb896:14b118b9d4a:-8000:0000000000000866jude" />
            </JUDE:UPresentation.diagram>
            <JUDE:UPresentation.clients>
              <JUDE:TransitionPresentation xmi.idref="10-32--121-72-634bb896:14b118b9d4a:-8000:000000000000086Bjude" />
            </JUDE:UPresentation.clients>
            <JUDE:JomtPresentation.location>
              <XMI.field>115</XMI.field>
              <XMI.field>300</XMI.field>
            </JUDE:JomtPresentation.location>
          </JUDE:InitialStatePresentation>
          <JUDE:ActionStatePresentation xmi.id="idActionjude" version="0" depth="2147483635" stereotypeVisibility="true" constraintVisibility="true" notationType="0" visibility="true" width="150.0" height="100.0" doAutoResize="false" label="Cadastrar Usuário" allActionVisibility="true" signalReverse="false">
            <JUDE:UPresentation.semanticModel>
              <UML:ActionState xmi.idref="idAction" />
            </JUDE:UPresentation.semanticModel>
            <JUDE:UPresentation.diagram>
              <JUDE:Diagram xmi.idref="10-32--121-72-634bb896:14b118b9d4a:-8000:0000000000000866jude" />
            </JUDE:UPresentation.diagram>
            <JUDE:UPresentation.clients>
              <JUDE:TransitionPresentation xmi.idref="10-32--121-72-634bb896:14b118b9d4a:-8000:000000000000086Bjude" />
              <JUDE:TransitionPresentation xmi.idref="10-32--121-72-634bb896:14b118b9d4a:-8000:000000000000086Cjude" />
            </JUDE:UPresentation.clients>
            <JUDE:JomtPresentation.location>
              <XMI.field>50</XMI.field>
              <XMI.field>450</XMI.field>
            </JUDE:JomtPresentation.location>
          </JUDE:ActionStatePresentation>
          <JUDE:FinalStatePresentation xmi.id="idFinaljude" version="0" depth="2147483634" stereotypeVisibility="true" constraintVisibility="true" notationType="0" visibility="true" width="20.0" height="20.0" doAutoResize="false" label="finalState" allActionVisibility="true" signalReverse="false">
            <JUDE:UPresentation.semanticModel>
              <UML:FinalState xmi.idref="idFinal" />
            </JUDE:UPresentation.semanticModel>
            <JUDE:UPresentation.diagram>
              <JUDE:Diagram xmi.idref="10-32--121-72-634bb896:14b118b9d4a:-8000:0000000000000866jude" />
            </JUDE:UPresentation.diagram>
            <JUDE:UPresentation.clients>
              <JUDE:TransitionPresentation xmi.idref="10-32--121-72-634bb896:14b118b9d4a:-8000:000000000000086Cjude" />
            </JUDE:UPresentation.clients>
            <JUDE:JomtPresentation.location>
              <XMI.field>115</XMI.field>
              <XMI.field>600</XMI.field>
            </JUDE:JomtPresentation.location>
          </JUDE:FinalStatePresentation>
          <JUDE:TransitionPresentation xmi.id="10-32--121-72-634bb896:14b118b9d4a:-8000:000000000000086Bjude" version="0" depth="2147483633" stereotypeVisibility="true" constraintVisibility="true" notationType="0" visibility="true" rightAngle="false">
            <JUDE:UPresentation.semanticModel>
              <UML:Transition xmi.idref="10-32--121-72-634bb896:14b118b9d4a:-8000:000000000000086B" />
            </JUDE:UPresentation.semanticModel>
            <JUDE:UPresentation.diagram>
              <JUDE:Diagram xmi.idref="10-32--121-72-634bb896:14b118b9d4a:-8000:0000000000000866jude" />
            </JUDE:UPresentation.diagram>
            <JUDE:UPresentation.servers>
              <JUDE:InitialStatePresentation xmi.idref="idInitialjude" />
              <JUDE:ActionStatePresentation xmi.idref="idActionjude" />
            </JUDE:UPresentation.servers>
            <JUDE:UPresentation.customStyleMap>
              <JUDE:UPresentation.styleProperty key="line.shape" value="line" />
            </JUDE:UPresentation.customStyleMap>
            <JUDE:PathPresentation.namePresentation>
              <JUDE:LabelPresentation xmi.id="920735ab-03b5-4829-bbb6-9202b5984971" version="0" depth="0" constraintVisibility="true" stereotypeVisibility="true" notationType="0" width="11" height="16" doAutoResize="true" visibility="true">
                <JUDE:JomtPresentation.location>
                  <XMI.field>128.0</XMI.field>
                  <XMI.field>128.0</XMI.field>
                </JUDE:JomtPresentation.location>
                <JUDE:JomtPresentation.compositeParent>
                  <JUDE:UPresentation xmi.idref="10-32--121-72-634bb896:14b118b9d4a:-8000:000000000000086Bjude" />
                </JUDE:JomtPresentation.compositeParent>
              </JUDE:LabelPresentation>
            </JUDE:PathPresentation.namePresentation>
            <JUDE:PathPresentation.points />
          </JUDE:TransitionPresentation>
          <JUDE:TransitionPresentation xmi.id="10-32--121-72-634bb896:14b118b9d4a:-8000:000000000000086Cjude" version="0" depth="2147483632" stereotypeVisibility="true" constraintVisibility="true" notationType="0" visibility="true" rightAngle="false">
            <JUDE:UPresentation.semanticModel>
              <UML:Transition xmi.idref="10-32--121-72-634bb896:14b118b9d4a:-8000:000000000000086C" />
            </JUDE:UPresentation.semanticModel>
            <JUDE:UPresentation.diagram>
              <JUDE:Diagram xmi.idref="10-32--121-72-634bb896:14b118b9d4a:-8000:0000000000000866jude" />
            </JUDE:UPresentation.diagram>
            <JUDE:UPresentation.servers>
              <JUDE:ActionStatePresentation xmi.idref="idActionjude" />
              <JUDE:FinalStatePresentation xmi.idref="idFinaljude" />
            </JUDE:UPresentation.servers>
            <JUDE:UPresentation.customStyleMap>
              <JUDE:UPresentation.styleProperty key="line.shape" value="line" />
            </JUDE:UPresentation.customStyleMap>
            <JUDE:PathPresentation.namePresentation>
              <JUDE:LabelPresentation xmi.id="b271e5d7-6c2d-4b1d-a35f-bda22c8f9c7e" version="0" depth="0" constraintVisibility="true" stereotypeVisibility="true" notationType="0" width="11" height="16" doAutoResize="true" visibility="true">
                <JUDE:JomtPresentation.location>
                  <XMI.field>128.0</XMI.field>
                  <XMI.field>128.0</XMI.field>
                </JUDE:JomtPresentation.location>
                <JUDE:JomtPresentation.compositeParent>
                  <JUDE:UPresentation xmi.idref="10-32--121-72-634bb896:14b118b9d4a:-8000:000000000000086Cjude" />
                </JUDE:JomtPresentation.compositeParent>
              </JUDE:LabelPresentation>
            </JUDE:PathPresentation.namePresentation>
            <JUDE:PathPresentation.points />
          </JUDE:TransitionPresentation>
        </JUDE:Diagram.presentations>
      </JUDE:ActivityDiagram>
    </XMI.extension>
  </XMI.content>
</XMI>