<?xml version = "1.0" encoding = "UTF-8" ?>
<uml version="6">
  <argo version="0">
    <documentation>
      <authorname></authorname>
      <authoremail></authoremail>
      <version>0.34</version>
      <description>
        
      </description>
    </documentation>
    <settings>
      <notationlanguage>UML 1.4</notationlanguage>
      <showboldnames>false</showboldnames>
      <useguillemots>false</useguillemots>
      <showassociationnames>true</showassociationnames>
      <showvisibility>false</showvisibility>
      <showmultiplicity>false</showmultiplicity>
      <showinitialvalue>false</showinitialvalue>
      <showproperties>false</showproperties>
      <showtypes>true</showtypes>
      <showstereotypes>false</showstereotypes>
      <showsingularmultiplicities>true</showsingularmultiplicities>
      <defaultshadowwidth>1</defaultshadowwidth>
      <hidebidirectionalarrows>true</hidebidirectionalarrows>    
      <fontname>Dialog</fontname>
      <fontsize>12</fontsize>
      <defaultstereotypeview>0</defaultstereotypeview>
      <activediagram>modeloSemNome activity 1</activediagram>
    </settings>
    <searchpath href="PROJECT_DIR" />
    <members>
      <member type="profile"
              name="Sem título_profile.profile" />
      <member type="xmi"
              name="Sem título.xmi" />
      <member type="pgml"
              name="Sem título_modeloSemNomeactivity1.pgml"
              diagramclass="org.argouml.uml.diagram.activity.ui.UMLActivityDiagram"
              diagramname="modeloSemNome activity 1" />
      <member type="todo"
              name="Sem título.todo" />
    </members>
    <historyfile name="" />
  </argo>
<profile>
		<plugin>
			UML 1.4
		</plugin>
		<plugin>
			GoodPractices
		</plugin>
		<plugin>
			CodeGeneration
		</plugin>
</profile>
<XMI xmi.version = '1.2' xmlns:UML = 'org.omg.xmi.namespace.UML' timestamp = 'Thu Jan 22 10:11:25 BRST 2015'>
  <XMI.header>    <XMI.documentation>
      <XMI.exporter>ArgoUML (using Netbeans XMI Writer version 1.0)</XMI.exporter>
      <XMI.exporterVersion>0.34(6) revised on $Date: 2010-01-11 22:20:14 +0100 (Mon, 11 Jan 2010) $ </XMI.exporterVersion>
    </XMI.documentation>
    <XMI.metamodel xmi.name="UML" xmi.version="1.4"/></XMI.header>
  <XMI.content>
    <UML:Model xmi.id = '10-32--121-72-634bb896:14b118b9d4a:-8000:0000000000000865'
      name = 'modeloSemNome' isSpecification = 'false' isRoot = 'false' isLeaf = 'false'
      isAbstract = 'false'>
      <UML:Namespace.ownedElement>
        <UML:ActivityGraph xmi.id = '10-32--121-72-634bb896:14b118b9d4a:-8000:0000000000000866'
          name = '' isSpecification = 'false'>
          <UML:StateMachine.context>
            <UML:Model xmi.idref = '10-32--121-72-634bb896:14b118b9d4a:-8000:0000000000000865'/>
          </UML:StateMachine.context>
          <UML:StateMachine.top>
            <UML:CompositeState xmi.id = '10-32--121-72-634bb896:14b118b9d4a:-8000:0000000000000867'
              name = 'top' isSpecification = 'false' isConcurrent = 'false'>
              <UML:CompositeState.subvertex>
                <UML:Pseudostate xmi.id = 'idInitial'
                  isSpecification = 'false' kind = 'initial'>
                  <UML:StateVertex.outgoing>
                    <UML:Transition xmi.idref = '10-32--121-72-634bb896:14b118b9d4a:-8000:000000000000086B'/>
                  </UML:StateVertex.outgoing>
                </UML:Pseudostate>
                <UML:ActionState xmi.id = 'idAction'
                  name = 'Cadastrar Usuario' isSpecification = 'false' isDynamic = 'false'>
                  <UML:StateVertex.outgoing>
                    <UML:Transition xmi.idref = '10-32--121-72-634bb896:14b118b9d4a:-8000:000000000000086C'/>
                  </UML:StateVertex.outgoing>
                  <UML:StateVertex.incoming>
                    <UML:Transition xmi.idref = '10-32--121-72-634bb896:14b118b9d4a:-8000:000000000000086B'/>
                  </UML:StateVertex.incoming>
                </UML:ActionState>
                <UML:FinalState xmi.id = 'idFinal'
                  isSpecification = 'false'>
                  <UML:StateVertex.incoming>
                    <UML:Transition xmi.idref = '10-32--121-72-634bb896:14b118b9d4a:-8000:000000000000086C'/>
                  </UML:StateVertex.incoming>
                </UML:FinalState>
              </UML:CompositeState.subvertex>
            </UML:CompositeState>
          </UML:StateMachine.top>
          <UML:StateMachine.transitions>
            <UML:Transition xmi.id = '10-32--121-72-634bb896:14b118b9d4a:-8000:000000000000086B'
              isSpecification = 'false'>
              <UML:ModelElement.taggedValue>
                <UML:TaggedValue xmi.id = '10-32--121-72-634bb896:14b118b9d4a:-8000:0000000000000870'
                  isSpecification = 'false'>
                  <UML:TaggedValue.dataValue>Entrar no site</UML:TaggedValue.dataValue>
                  <UML:TaggedValue.type>
                    <UML:TagDefinition xmi.idref = '10-32--121-72-634bb896:14b118b9d4a:-8000:000000000000086D'/>
                  </UML:TaggedValue.type>
                </UML:TaggedValue>
                <UML:TaggedValue xmi.id = '10-32--121-72-634bb896:14b118b9d4a:-8000:0000000000000874'
                  isSpecification = 'false'>
                  <UML:TaggedValue.dataValue>Entrou no site</UML:TaggedValue.dataValue>
                  <UML:TaggedValue.type>
                    <UML:TagDefinition xmi.idref = '10-32--121-72-634bb896:14b118b9d4a:-8000:0000000000000871'/>
                  </UML:TaggedValue.type>
                </UML:TaggedValue>
              </UML:ModelElement.taggedValue>
              <UML:Transition.source>
                <UML:Pseudostate xmi.idref = 'idInitial'/>
              </UML:Transition.source>
              <UML:Transition.target>
                <UML:ActionState xmi.idref = 'idAction'/>
              </UML:Transition.target>
            </UML:Transition>
            <UML:Transition xmi.id = '10-32--121-72-634bb896:14b118b9d4a:-8000:000000000000086C'
              isSpecification = 'false'>
              <UML:Transition.source>
                <UML:ActionState xmi.idref = 'idAction'/>
              </UML:Transition.source>
              <UML:Transition.target>
                <UML:FinalState xmi.idref = 'idFinal'/>
              </UML:Transition.target>
            </UML:Transition>
          </UML:StateMachine.transitions>
        </UML:ActivityGraph>
        <UML:TagDefinition xmi.id = '10-32--121-72-634bb896:14b118b9d4a:-8000:000000000000086D'
          name = 'TDaction' isSpecification = 'false'>
          <UML:TagDefinition.multiplicity>
            <UML:Multiplicity xmi.id = '10-32--121-72-634bb896:14b118b9d4a:-8000:000000000000086F'>
              <UML:Multiplicity.range>
                <UML:MultiplicityRange xmi.id = '10-32--121-72-634bb896:14b118b9d4a:-8000:000000000000086E'
                  lower = '0' upper = '0'/>
              </UML:Multiplicity.range>
            </UML:Multiplicity>
          </UML:TagDefinition.multiplicity>
        </UML:TagDefinition>
        <UML:TagDefinition xmi.id = '10-32--121-72-634bb896:14b118b9d4a:-8000:0000000000000871'
          name = 'TDexpectedResult' isSpecification = 'false'>
          <UML:TagDefinition.multiplicity>
            <UML:Multiplicity xmi.id = '10-32--121-72-634bb896:14b118b9d4a:-8000:0000000000000873'>
              <UML:Multiplicity.range>
                <UML:MultiplicityRange xmi.id = '10-32--121-72-634bb896:14b118b9d4a:-8000:0000000000000872'
                  lower = '0' upper = '0'/>
              </UML:Multiplicity.range>
            </UML:Multiplicity>
          </UML:TagDefinition.multiplicity>
        </UML:TagDefinition>
      </UML:Namespace.ownedElement>
    </UML:Model>
  </XMI.content>
</XMI>
<pgml description="org.argouml.uml.diagram.activity.ui.UMLActivityDiagram|10-32--121-72-634bb896:14b118b9d4a:-8000:0000000000000866"
      name="modeloSemNome activity 1"
>
  <group name="Fig0"
       description="org.argouml.uml.diagram.state.ui.FigInitialState[112, 192, 16, 16]pathVisible=false;stereotypeView=0;"
       href="idInitial"
       fill="1"
       fillcolor="black"
       stroke="1"
       strokecolor="black"
  >
    <private>
    </private>
    
    <ellipse name="Fig0.0"
      x="120"
      y="200"
      rx="8"
      ry="8"
      fill="0"
      fillcolor="255 0 255"
      stroke="0"
      strokecolor="255 0 255"
    />
    <ellipse name="Fig0.1"
      x="120"
      y="200"
      rx="8"
      ry="8"
      fill="1"
      fillcolor="black"
      stroke="1"
      strokecolor="black"
    />
  </group>
  <group name="Fig1"
       description="org.argouml.uml.diagram.activity.ui.FigActionState[224, 184, 103, 36]pathVisible=false;stereotypeView=0;"
       href="idAction"
       fill="1"
       fillcolor="white"
       stroke="1"
       strokecolor="black"
  >
    <private>
    </private>
    
    <rectangle name="Fig1.0"
      x="225"
      y="185"
      width="101"
      height="34"
      fill="1"
      fillcolor="255 0 255"
      stroke="0"
      strokecolor="255 0 255"
      rounding="36"
    />
    <rectangle name="Fig1.1"
      x="224"
      y="184"
      width="103"
      height="36"
      fill="1"
      fillcolor="white"
      stroke="1"
      strokecolor="black"
      rounding="36"
    />
    <group name="Fig1.2"
         description="org.argouml.uml.diagram.ui.FigStereotypesGroup[232, 184, 87, 0]"
         href="idAction"
         fill="0"
         fillcolor="white"
         stroke="0"
         strokecolor="black"
    >
      <private>
      </private>
      
      <rectangle name="Fig1.2.0"
        x="232"
        y="184"
        width="87"
        height="0"
        fill="0"
        fillcolor="white"
        stroke="0"
        strokecolor="black"
      />
    </group>
    <text name="Fig1.3"
      x="232"
      y="184"
      width="87"
      height="30"
      fill="0"
      fillcolor="white"
      stroke="0"
      strokecolor="black"
      textcolor="black"
      font="Dialog"
      italic="false"
      bold="false"
      textsize="12"
      justification="Center"
    ></text>
  </group>
  <group name="Fig2"
       description="org.argouml.uml.diagram.state.ui.FigFinalState[440, 192, 24, 24]pathVisible=false;stereotypeView=0;"
       href="idFinal"
       fill="1"
       fillcolor="white"
       stroke="1"
       strokecolor="black"
  >
    <private>
    </private>
    
    <ellipse name="Fig2.0"
      x="452"
      y="204"
      rx="12"
      ry="12"
      fill="0"
      fillcolor="white"
      stroke="0"
      strokecolor="black"
    />
    <ellipse name="Fig2.1"
      x="452"
      y="204"
      rx="12"
      ry="12"
      fill="1"
      fillcolor="white"
      stroke="1"
      strokecolor="black"
    />
    <ellipse name="Fig2.2"
      x="451"
      y="203"
      rx="7"
      ry="7"
      fill="1"
      fillcolor="black"
      stroke="0"
      strokecolor="85 85 170"
    />
  </group>
  <group name="Fig3"
       description="org.argouml.uml.diagram.state.ui.FigTransition"
       href="10-32--121-72-634bb896:14b118b9d4a:-8000:000000000000086B"
       stroke="1"
       strokecolor="black"
  >
    <private>
      sourcePortFig="Fig0.0"
      destPortFig="Fig1.0"
      sourceFigNode="Fig0"
      destFigNode="Fig1"
      <argouml:pathitem figname="Fig3.1"
                        classname="org.argouml.uml.diagram.ui.PathItemPlacement"
                        figclassname="org.argouml.uml.diagram.ui.FigNameWithAbstract"
                        ownerhref="10-32--121-72-634bb896:14b118b9d4a:-8000:000000000000086B"
                        angle="270.0"
                        offset="13" />
    </private>
    <path name="Fig3.0"
      description="org.tigris.gef.presentation.FigPoly"
      fill="0"
      fillcolor="white"
      stroke="1"
      strokecolor="black"
    >
      <moveto x="128"
              y="200" />
      <lineto x="225"
              y="200" />
    </path>
  </group>
  <group name="Fig4"
       description="org.argouml.uml.diagram.state.ui.FigTransition"
       href="10-32--121-72-634bb896:14b118b9d4a:-8000:000000000000086C"
       stroke="1"
       strokecolor="black"
  >
    <private>
      sourcePortFig="Fig1.0"
      destPortFig="Fig2.0"
      sourceFigNode="Fig1"
      destFigNode="Fig2"
      <argouml:pathitem figname="Fig4.1"
                        classname="org.argouml.uml.diagram.ui.PathItemPlacement"
                        figclassname="org.argouml.uml.diagram.ui.FigNameWithAbstract"
                        ownerhref="10-32--121-72-634bb896:14b118b9d4a:-8000:000000000000086C"
                        angle="270.0"
                        offset="10" />
    </private>
    <path name="Fig4.0"
      description="org.tigris.gef.presentation.FigPoly"
      fill="0"
      fillcolor="white"
      stroke="1"
      strokecolor="black"
    >
      <moveto x="325"
              y="204" />
      <lineto x="440"
              y="204" />
    </path>
  </group>
</pgml>
<todo>
<todolist>
</todolist>
<resolvedcritics>
</resolvedcritics>
</todo>
</uml>
